date,net_sentiment,sentiment_robust_scaled,sentiment_standard_scaled
2020-01-01,0.8995163273066282,1.6008450549247273,2.2249880598436804
2020-01-03,0.3942243481578771,0.926319846296826,1.2682090560601302
2020-01-09,-0.35564013570547104,-0.0746904968174411,-0.15167216796426916
2020-01-10,-0.4206540882587433,-0.16147903041656744,-0.27477719896187935
2020-01-14,0.9411232015118003,1.6563869725915752,2.303771387692336
2020-01-21,-0.8241082245949656,-0.7000586966571546,-1.0387245057970929
2020-01-22,0.00048435153439641,0.4007077955869985,0.5226556388976341
2020-01-23,-0.9958078029594617,-0.9292641831814911,-1.3638405937555695
2020-01-24,-0.010563954710960388,0.3859591722510631,0.5017354820791223
2020-01-27,-0.23594599962234497,0.08509179826078579,0.07497072566185868
2020-01-28,-0.9087063185870647,-0.812990524895704,-1.1989124435278828
2020-01-29,0.8528209483483806,1.5385103820355333,2.1365695612238653
2020-01-30,-0.5971885472536087,-0.39713870382783023,-0.6090482160778112
2020-01-31,-0.9975293236784637,-0.931562278480962,-1.3671003226776361
2020-02-03,0.9779861369170249,1.7055961035909137,2.373571986294684
2020-02-04,-0.23869988291698974,0.08141557979599534,0.06975620054783405
2020-02-05,0.2302889748243615,0.7074789652569754,0.957794623107592
2020-02-06,-0.7654487313702703,-0.6217528684663879,-0.927651752209113
2020-02-07,-0.5775005420437083,-0.3708567591904984,-0.5717686415178744
2020-02-13,-0.08998425491154194,0.27993929310646015,0.35135178544076123
2020-02-14,0.34690867364406586,0.863157127433634,1.178616017197853
2020-02-25,-0.7191187278367579,-0.5599059431464551,-0.8399250982045126
2020-02-26,-0.9992795618309174,-0.9338987093044261,-1.3704144285510556
2020-03-02,-0.036631130147725344,0.3511615350919587,0.45237683960105357
2020-03-03,-0.1381616024300456,0.215626308283697,0.2601271540081731
2020-03-04,0.3903328606393188,0.921125015310689,1.2608404578933539
2020-03-12,-0.9982013750413898,-0.9324594144033451,-1.3683728634264427
2020-03-18,-0.9819208271801472,-0.9107261583932623,-1.3375453676289197
2020-03-19,-0.48460153335084516,-0.24684386010303505,-0.39586277984285523
2020-03-20,-0.9963479657890275,-0.929985258243715,-1.3648634013109626
2020-03-23,-0.9951078213634901,-0.9283297625859893,-1.362515166632842
2020-03-27,-0.4428008794784546,-0.19104326176075156,-0.31671252688039303
2020-03-30,0.03767721145413816,0.45035734996760873,0.5930809552104342
2020-04-01,-0.9983722210163251,-0.9326874803961609,-1.36869636320171
2020-04-06,-0.0615690378472209,0.3178713818975942,0.4051564848957092
2020-04-16,-0.2569178640842438,0.05709600209693267,0.0352601416523069
2020-04-17,-0.9954967079684138,-0.9288488957389848,-1.3632515300698205
2020-04-23,-0.05604785121977329,0.32524173352681784,0.415610946195514
2020-04-27,-0.4214632799848914,-0.1625592379805576,-0.2763094173337565
2020-04-29,0.6170515322592109,1.2237766812482331,1.6901361398415369
2020-04-30,0.05233012139797211,0.46991783686376193,0.6208264907762469
2020-05-01,-0.8866070865187794,-0.7834897812929873,-1.1570671696759285
2020-05-04,-0.9489112719893456,-0.8666609881142879,-1.2750412103612745
2020-05-07,0.8545389634091407,1.540803797555877,2.1398226521220987
2020-05-08,-0.5091484431177378,-0.27961206168734953,-0.4423427732761534
2020-05-11,-0.20843040943145752,0.1218229556508072,0.1270719662469652
2020-05-12,0.009006713051348925,0.41208448058783537,0.5387928761753955
2020-05-13,-0.9964705629390664,-0.930148915835008,-1.36509554111116
2020-05-14,-0.8052766099572182,-0.6749199663457688,-1.003066521431116
2020-05-18,-0.6236900412332034,-0.4325161222179898,-0.6592292481442392
2020-05-19,-0.002779376693069935,0.3963509740770959,0.516475713684184
2020-05-21,-0.6496085431426764,-0.4671152918649381,-0.708306374755836
2020-05-22,-0.9146201396360993,-0.8208850127195724,-1.2101103648196114
2020-05-27,0.5793318506912328,1.173423861237353,1.6187132777283455
2020-05-29,-0.5349418257828802,-0.31404420694470114,-0.4911829844588799
2020-06-02,-0.523902126122266,-0.29930707272517504,-0.4702791243557642
2020-06-08,-0.07863316545262933,0.2950921083130776,0.3728452674521968
2020-06-10,-0.010461177676916122,0.38609637154017046,0.5019300921507296
2020-06-11,-0.9863004840444773,-0.916572657213821,-1.3458383228003574
2020-06-22,-0.7203388507477939,-0.5615347116507656,-0.8422354218025264
2020-06-24,-0.34974702820181847,-0.06682365995400119,-0.14051346812495466
2020-06-26,-0.22476557083427906,0.10001679484102924,0.09614105877448764
2020-07-01,0.2809927274356596,0.7751645029652339,1.0538030457887761
2020-07-02,-0.5293751549130926,-0.30661313741509566,-0.48064239796835434
2020-07-07,0.4322013985365629,0.9770162335082568,1.3401192504177968
2020-07-08,-0.5612956881523132,-0.34922454870045205,-0.5410844735467406
2020-07-13,-0.996896342607215,-0.9307172983372819,-1.3659017621942828
2020-07-14,-0.31522362353280187,-0.020737619213468214,-0.0751428109811687
2020-07-15,-0.9182404465973377,-0.8257178389054151,-1.2169654779635004
2020-07-20,-0.6142873573407996,-0.41996427580857204,-0.6414251053937022
2020-07-22,-0.709521982294973,-0.5470950396375045,-0.8217534964021215
2020-07-23,0.3779405591388543,0.9045822635950123,1.237375423074922
2020-07-27,-0.37915627658367157,-0.106082702683669,-0.19620038287910496
2020-07-30,0.002529292367398739,0.4034376314025924,0.5265277693365388
2020-08-04,-0.19816158595494926,0.13553103055340868,0.14651615911231516
2020-08-06,0.02289046044461429,0.43061819573359367,0.5650819892978509
2020-08-07,-0.06323178578168154,0.3156517436613468,0.40200804324627615
2020-08-12,0.03400019509717822,0.44544882118097534,0.5861184618559291
2020-08-13,-0.002251553349196911,0.3970555768925699,0.5174751562123937
2020-08-17,0.14825140684843063,0.5979652386636622,0.8024550851773263
2020-08-18,-0.8761205449700356,-0.7694910698195379,-1.1372107239174885
2020-08-20,0.2004755362868309,0.6676803603329047,0.9013423673813967
2020-08-24,-0.4066525399684906,-0.14278806030161134,-0.248265027826403
2020-08-26,-0.09407140128314495,0.27448327287902113,0.34361270388967907
2020-08-27,0.9519526585936546,1.6708434494384286,2.3242771498771004
2020-09-01,-0.9863134189508855,-0.916589924300582,-1.345862815266848
2020-09-02,-0.5020136721432209,-0.2700877013596715,-0.42883296242041363
2020-09-03,-0.4895942360162735,-0.253508727043311,-0.40531654772269277
2020-09-09,-0.9905936238355935,-0.9223036625192087,-1.35396745641409
2020-09-14,0.015623915940523148,0.4209179280668016,0.5513226630103335
2020-09-18,-0.6738182571716607,-0.49943336355436646,-0.7541478822928421
2020-09-21,-0.3871951062368074,-0.1168139105252036,-0.2114220443035954
2020-09-22,-0.1601732149720192,0.1862425298846728,0.21844778922771788
2020-09-23,0.39542004582472146,0.9279160090135641,1.2704731300405583
2020-09-24,0.4784560054540634,1.0387625102522298,1.4277031396405815
2020-09-25,-0.03451704187318683,0.3539836773251349,0.45637990190303396
2020-09-28,-0.6726637339452282,-0.49789216549005705,-0.7519617728194798
2020-10-02,0.9405846868176013,1.6556680976609544,2.3027517009094454
2020-10-06,0.7208414413034916,1.3623280791340775,1.8866641075830124
2020-10-15,0.08016616106033325,0.5070767691948473,0.6735345079157647
2020-10-19,-0.014514563605189323,0.38068541885985296,0.49425493657644765
2020-10-22,-0.49870382831431925,-0.2656693191344543,-0.4225657165269984
2020-10-27,0.33700868487358093,0.8499414179698205,1.1598702191559958
2020-10-29,-0.1066175252199173,0.2577351802610071,0.3198564036574994
2020-11-03,0.1324835941195488,0.5769164438886641,0.7725984621214834
2020-11-05,-0.3401675224304199,-0.05403577018798815,-0.12237451012261663
2020-11-09,0.062079828698188066,0.48293293233750806,0.6392877282841071
2020-11-11,-0.1236116960644722,0.23504929347196107,0.2876776505370307
2020-11-16,-0.01306750113144517,0.38261713390239976,0.4969949741174629
2020-11-17,0.48975605197483674,1.0538471871350301,1.449099970975738
2020-11-19,0.51099918410182,1.0822051043812193,1.489324204948219
2020-11-23,-0.8106585778295994,-0.6821044718430902,-1.013257369637349
2020-11-24,-0.8186228713020682,-0.6927361797224456,-1.0283378955290639
2020-11-30,0.5455566048622131,1.1283365539389894,1.5547592721427537
2020-12-01,0.07946257665753365,0.5061375391344667,0.6722022588166947
2020-12-02,0.01020022202283144,0.4136777215677234,0.5410528058237258
2020-12-03,0.831930186599493,1.51062285164013,2.0970125465883807
2020-12-08,0.23038936592638493,0.7076129795137439,0.9579847153761146
2020-12-09,0.002233627252280712,0.40304294163570764,0.5259679223847373
2020-12-18,0.9026007615029812,1.6049625329486195,2.230828488743015
2020-12-21,-0.6873143914854154,-0.5174496456037905,-0.7797030434204679
2020-12-22,0.3976330927107483,0.9308702532408629,1.2746635721657353
2020-12-23,-0.2789356620050967,0.027703966701654457,-0.006430935248835756
2020-12-25,-0.6280711740255356,-0.43836459128681,-0.6675249980105893
2020-12-28,0.28838268481194973,0.7850295171485007,1.067796056460351
2020-12-31,0.9041135720908642,1.6069820165729694,2.2336930214625457
2021-01-01,0.9514885153621435,1.6702238545843886,2.3233982867306753
2021-01-04,-0.6041503373999149,-0.4064321483008097,-0.6222304847770974
2021-01-05,0.5809476226568222,1.1755807902351583,1.6217727695773598
2021-01-06,0.0676790103316307,0.4904074011897666,0.6498898744615973
2021-01-07,0.7136185131967068,1.3526860359408703,1.8729873696897015
2021-01-08,-0.07548768108244985,0.29929108353648304,0.3788012958997235
2021-01-12,-0.54582903906703,-0.3285777837971168,-0.5117981090004102
2021-01-13,-0.9684773094340926,-0.8927801153398441,-1.312089836872058
2021-01-14,0.09374590590596199,0.5252046647544458,0.6992479870153618
2021-01-15,-0.4976303414441645,-0.26423629825755396,-0.42053305078009373
2021-01-19,0.6893902122974396,1.3203431522356714,1.8271106675959508
2021-01-20,-0.05033673904836178,0.3328656208788564,0.4264250347608316
2021-01-22,-0.9972885222523473,-0.9312408274409857,-1.3666443610592123
2021-01-25,-0.11466419138014317,0.24699351129640323,0.30461990367281777
2021-01-26,-0.16436272603459656,0.18064986081382262,0.21051487838368307
2021-01-27,-0.23073158195863167,0.09205263735507468,0.08484431468261426
2021-01-28,0.22254589246585965,0.6971425568855416,0.9431329642432219
2021-01-29,-0.26233385037630796,0.04986608467426764,0.0250048789866372
2021-02-01,-0.907748213969171,-0.8117115302867636,-1.1970982560488472
2021-02-02,-0.4368967376067303,-0.18316169488034567,-0.30553293327643016
2021-02-03,-0.28860262408852577,0.014799329610228463,-0.0247354932736403
2021-02-04,0.8747654557228088,1.5678045802927654,2.1781218612219724
2021-02-08,-0.39151654639378347,-0.12258269460202179,-0.21960476514406335
2021-02-09,0.37059472198598087,0.8947761464537191,1.2234659548009097
2021-02-10,-0.04805373994167894,0.3359132458408177,0.4307479326121108
2021-02-11,0.04337902367115021,0.45796882260906335,0.6038774341530531
2021-02-12,-0.3521626302972436,-0.07004829951808768,-0.14508745200313122
2021-02-16,0.7214962393045425,1.3632021831699501,1.8879039787960492
2021-02-17,-0.9986289781227242,-0.9330302310193795,-1.3691825371736157
2021-02-18,0.8627095930278301,1.5517109480264872,2.1552938790353457
2021-02-19,0.9745664126239717,1.7010310395538641,2.367096679863274
2021-02-22,0.17075809836387634,0.6280099087088019,0.8450718904606584
2021-02-25,0.6196413318781803,1.227233860859975,1.6950399697095884
2021-03-02,-0.13035032153129578,0.22605375636382827,0.274917947974802
2021-03-04,-0.9340099524706602,-0.846768893895604,-1.2468253070172972
2021-03-05,-0.9993500404380029,-0.933992792723736,-1.370547880998864
2021-03-08,-0.6670698150992393,-0.4904247220467734,-0.7413695918200351
2021-03-09,-0.48734054807573557,-0.25050023019197665,-0.4010491510657747
2021-03-10,-0.03903324902057648,0.34795489457376055,0.44782838643540457
2021-03-11,-0.9516176339238882,-0.8702737692860678,-1.2801657529672579
2021-03-12,0.017429068684577942,0.42332766556815693,0.5547407506020731
2021-03-15,0.13851250677059096,0.5849645699851729,0.7840143113298557
2021-03-16,-0.35433495859615505,-0.0729481876213979,-0.14920079278725526
2021-03-18,-0.4755595102906227,-0.2347734676511506,-0.37874155454590525
2021-03-19,0.1464894860982895,0.5956132124874761,0.7991188581053955
2021-03-22,-0.8326594568789005,-0.7114739218702364,-1.0549164103658697
2021-03-23,-0.3721347226528451,-0.09670947824012698,-0.18290495043177746
2021-03-24,-0.17555473698303103,0.16570940295680978,0.18932261425232358
2021-03-25,-0.8540567588061094,-0.7400376437223815,-1.0954325674916174
2021-03-26,-0.059750397223979235,0.32029912466105115,0.4086001120173525
2021-03-29,-0.9990237624151632,-0.933557237123195,-1.369930067982764
2021-03-30,-0.160087201744318,0.1863573508055543,0.21861065674532776
2021-03-31,0.04470639955252409,0.4597407654267976,0.6063908430845916
2021-04-02,0.8346837423741817,1.5142986328914365,2.1022264515377675
2021-04-05,-0.845671609044075,-0.7288441256654732,-1.0795551430183241
2021-04-06,-0.0910512744449079,0.278514905617535,0.34933136570666734
2021-04-08,-0.45974458823911846,-0.2136617856208991,-0.3487957291820353
2021-04-12,-0.08238943293690681,0.29007778547984575,0.3657327107328004
2021-04-13,-0.6138646947219968,-0.41940005432299154,-0.6406247864968221
2021-04-14,0.19586038550672433,0.6615194955828941,0.8926035004531304
2021-04-15,-0.994607771281153,-0.9276622348989655,-1.3615683132503156
2021-04-16,0.6697712764143944,1.2941534097389422,1.7899618769876056
2021-04-19,-0.0017589721828699112,0.39771313416181975,0.518407867074725
2021-04-20,-0.4752136248280294,-0.2343117376545452,-0.3780866145073146
2021-04-21,-0.2413131296634674,0.07792710010582966,0.06480797314286378
2021-04-22,0.66468246281147,1.2873602422262425,1.7803261214039754
2021-04-23,-0.24634909839369357,0.07120447635842324,0.05527228022941572
2021-04-26,0.16518445024848916,0.6205695251029041,0.8345180924362684
2021-04-27,0.38314931851346046,0.9115355493166019,1.2472382980284877
2021-04-28,0.13816669583320618,0.5845029394738827,0.7833595124060219
2021-04-29,-0.4816587611567229,-0.24291548975461053,-0.390290590367381
2021-04-30,0.08416103798663244,0.5124096169410046,0.6810988756942156
2021-05-03,-0.3279248187318444,-0.03769271981864879,-0.09919274130041268
2021-05-04,0.17973974345659371,0.6399997013039531,0.862078789043582
2021-05-05,0.9171841852366924,1.6244302611976658,2.25844245098164
2021-05-06,-0.3780836947262287,-0.1046508899278422,-0.19416943078924728
2021-05-07,-0.01687582178662221,0.3775333241637555,0.48978385382877937
2021-05-10,-0.9904199727170635,-0.9220718518794431,-1.353638645051454
2021-05-12,-0.9487328893737867,-0.8664228612966446,-1.2747034398280983
2021-05-13,-0.7785643002280267,-0.6392611254447702,-0.9524863061375548
2021-05-14,-0.6988406516611576,-0.5328362999948613,-0.8015282141799074
2021-05-17,-0.7063486129045486,-0.5428588400965273,-0.8157446671918845
2021-05-18,0.3645263761281967,0.8866753801153262,1.2119754381412031
2021-05-19,-0.3557189297037742,-0.07479568063261588,-0.1518213657475541
2021-05-20,0.8630361193208955,1.5521468350483305,2.155912162155364
2021-05-24,-0.2891547135077417,0.01406233348512622,-0.025780884030498802
2021-05-26,0.9464082708582282,1.6634421261475802,2.3137787568825634
2021-05-27,0.5035931020975113,1.072318565082718,1.475300662017735
2021-06-02,-0.0567995086312294,0.3242383297658215,0.4141876700324309
2021-06-03,-0.34549331323554117,-0.061145283701313516,-0.13245898609127912
2021-06-08,-0.7761390020605177,-0.6360235423840221,-0.9478939625810697
2021-06-09,-0.10081412363797426,0.26548226674634245,0.3308452437999485
2021-06-14,-0.5127155380323529,-0.2843738539594726,-0.44909712849975403
2021-06-15,0.15256118960678577,0.6037184610265381,0.8106157325341463
2021-06-16,0.9209977686405182,1.6295210962934832,2.265663536374891
2021-06-17,0.5163806229829788,1.089388903716699,1.4995140515005259
2021-06-18,-0.9975668133702129,-0.9316123242825818,-1.3671713100500944
2021-06-23,-0.9895491846837103,-0.9209094180706624,-1.351989793018493
2021-06-28,-0.9586144983768463,-0.8796140352107785,-1.2934144354660138
2021-06-29,-0.6276061292737722,-0.4377437929738565,-0.6666444278201492
2021-07-02,-0.8478948436677456,-0.7318119697244398,-1.0837648757989555
2021-07-05,-0.9687605333747342,-0.893158197113419,-1.3126261262472254
2021-07-06,-0.8024533726274967,-0.6711511656772036,-0.9977206732656136
2021-07-13,-0.9886325038969517,-0.9196857210312294,-1.3502540422721225
2021-07-14,-0.14965092204511166,0.20028896664728124,0.23837193083211397
2021-07-15,-0.9666285468265414,-0.8903121620870283,-1.3085891732579926
2021-07-16,0.3253056835383177,0.8343188279763285,1.137710385988459
2021-07-21,0.4967623855918646,1.0632000936519792,1.462366583498597
2021-07-22,-0.44043345501025516,-0.18788293555487504,-0.3122297681632794
2021-07-26,0.1825244347564876,0.6437170460423153,0.8673516496424098
2021-07-27,0.29797908663749695,0.7978399618232,1.0859670074301682
2021-07-28,-0.9992423165822402,-0.9338489898151583,-1.3703439040357346
2021-07-29,-0.6374133449862711,-0.45083565767290945,-0.6852145584901488
2021-07-30,0.2802739143371582,0.774204943789076,1.0524419608939606
2021-08-03,0.021530949044972658,0.42880335451640245,0.562507731212906
2021-08-04,-0.10616032779216766,0.25834550301114556,0.3207221148057184
2021-08-05,-0.9621593350311741,-0.8843461144490844,-1.3001266442931099
2021-08-06,0.09277246298734099,0.5239051947156055,0.6974047562015908
2021-08-09,0.11178669333457947,0.5492877026934222,0.7334085265364968
2021-08-10,-0.3565695896395482,-0.0759312450079222,-0.15343210488352763
2021-08-12,-0.9045640900731087,-0.8074609743232456,-1.1910690629982663
2021-08-16,-0.9508526166900992,-0.8692525312088382,-1.2787171797521142
2021-08-17,-0.5669839807475606,-0.3568179737059502,-0.5518553528543418
2021-08-20,-0.3935621411947068,-0.12531340341355973,-0.22347813388241025
2021-08-23,-0.3394976057461463,-0.05314148389437977,-0.12110601142434498
2021-08-27,-0.06360683962702751,0.3151510761587577,0.40129787237611936
2021-08-30,-0.89718096726574,-0.7976050837540828,-1.1770889936998257
2021-09-01,-0.34925051825121045,-0.0661608580655091,-0.1395733180423991
2021-09-02,-0.48861913406290114,-0.2522070423230429,-0.40347017549824793
2021-09-03,-0.006985535845160484,0.3907360811109228,0.5085112793979482
2021-09-07,-0.8485883381217718,-0.732737730493634,-1.0850780194074696
2021-09-08,0.1769939516671002,0.6363342843646677,0.8568795853329384
2021-09-10,0.04658439848572016,0.4622477468840357,0.6099468661812514
2021-09-13,-0.7132200673222542,-0.5520316934485404,-0.8287558836441864
2021-09-15,0.24762960197404027,0.7306273440726866,0.9906293971667453
2021-09-16,0.857590464875102,1.544877312964579,2.145600722333237
2021-09-17,-0.9024357702583075,-0.8046198340986882,-1.1870390530314174
2021-09-20,-0.057424772530794144,0.32340365144179206,0.4130037221456364
2021-09-23,-0.6184364557266235,-0.42550299712180245,-0.6492814941431858
2021-09-27,-0.4402546947094379,-0.18764430455699874,-0.31189128247660747
2021-09-28,-0.9985776365501806,-0.9329616940420271,-1.369085321027985
2021-09-30,0.23388623725622892,0.7122810288013689,0.9646061010410204
2021-10-01,-0.012141009618062526,0.3838539274933236,0.49874930164247433
2021-10-04,-0.25809440994635224,0.055525405539203855,0.03303233194167143
2021-10-05,-0.9229876033223263,-0.8320549212507685,-1.2259543004059044
2021-10-06,0.7486290484666824,1.399422357872873,1.9392804169570816
2021-10-07,0.1507402053102851,0.6012875896428789,0.8071676676271067
2021-10-08,-0.29968891479074955,0.0,-0.04572757431082198
2021-10-13,-0.794508807361126,-0.660545793407522,-0.982677503069528
2021-10-14,-0.9639349098142702,-0.8867163676896366,-1.3034887255099459
2021-10-20,0.49351777059200685,1.058868786803643,1.4562228495084892
2021-10-21,-0.6030268426984549,-0.40493237088662765,-0.6201031283464057
2021-10-25,0.48964282698580064,1.05369604064448,1.4488855775226777
2021-10-26,0.12609236082062125,0.5683846481106837,0.7604965525701031
2021-10-27,-0.9922198746353388,-0.9244745799397216,-1.357046790114783
2021-10-28,-0.9653620715253055,-0.8886215167729519,-1.3061910806164385
2021-10-29,-0.0233582678095748,0.36887976654461907,0.4775092314245806
2021-11-01,0.6539288752246648,1.2730050452118191,1.7599640194055706
2021-11-02,-0.04860873951110989,0.3351723648931536,0.4296970314360521
2021-11-08,-0.6450095345207956,-0.46097597563161546,-0.6995980732802258
2021-11-09,-0.15723678324138746,0.19016243621103637,0.2240079729271412
2021-11-10,0.35535978609793045,0.8744387005167539,1.1946183431561894
2021-11-11,-0.49283088534139097,-0.2578294003398834,-0.4114451985714547
2021-11-12,-0.3837740384042263,-0.1122470529681343,-0.20494419385711263
2021-11-15,-0.23793935775756836,0.08243082130584416,0.07119626794334141
2021-11-16,-0.604749254649505,-0.4072316559110655,-0.623364544831597
2021-11-17,-0.2089465707540512,0.12113392072016235,0.12609460595548627
2021-11-18,0.5395637089386582,1.1203365073521996,1.5434116212238196
2021-11-19,-0.2036779448390007,0.12816712358342333,0.13607083922719282
2021-11-22,0.04950480116531253,0.46614625568294465,0.6154766985984104
2021-11-23,-0.8705712843220681,-0.7620832415721813,-1.1267031039797206
2021-11-24,0.19983149017207325,0.6668206092229528,0.9001228550489299
2021-11-25,0.36078929156064987,0.8816866649731795,1.2048992046026934
2021-11-30,0.921691520139575,1.6304472001976567,2.266977166702566
2021-12-03,-0.9961540314834565,-0.9297263711381928,-1.3644961833867908
2021-12-06,-0.44038938905578107,-0.18782411095768847,-0.3121463285248875
2021-12-07,-0.19777575865155086,0.13604607977852715,0.1472467297095368
2021-12-08,-0.4587485999800265,-0.2123322193186856,-0.3469098083805226
2021-12-09,-0.6821125721908174,-0.5105056243453403,-0.7698533096270836
2021-12-10,0.038903839405975305,0.45199480219179733,0.5954035962144513
2021-12-13,-0.2406964476685971,0.07875032225938082,0.06597567104635567
2021-12-14,0.5989359114319086,1.1995937465843074,1.6558339020002266
2021-12-15,0.034520512679591775,0.44614340439288686,0.5871036920964554
2021-12-16,-0.44765644147992134,-0.19752505665795672,-0.32590661656770425
2021-12-17,0.013043929444393143,0.41747384820531036,0.5464374144581976
2021-12-20,-0.5211566607067653,-0.2956420914696024,-0.4650805386398572
2021-12-21,-0.3064962364733219,-0.009087241174637018,-0.058617354332381306
2021-12-22,-0.012083930522203445,0.3839301236148363,0.4988573818866233
2021-12-23,-0.22386994616438946,0.101212383613935,0.09783693940347478
2021-12-30,-0.9907602337189019,-0.9225260736615494,-1.3542829350774181
2022-01-03,0.46904939296655357,1.0262054194761034,1.4098915580280262
2022-01-04,-0.6685418889392167,-0.4923898253039025,-0.7441569888107457
2022-01-05,0.09124923000854324,0.521871798015853,0.6945204885066244
2022-01-06,-0.036016201600432396,0.35198241653035556,0.4535412173215711
2022-01-07,-0.42818490974605083,-0.17153208715303744,-0.28903693823665755
2022-01-10,-0.11217055469751358,0.2503223209213384,0.3093416473763767
2022-01-13,-0.9965092226630077,-0.9302005235379462,-1.3651687439595832
2022-01-14,-0.9202389800921082,-0.8283857245599251,-1.2207497353138268
2022-01-17,0.7972613610327244,1.4643426853930726,2.0313665324877817
2022-01-18,-0.3601114965664844,-0.08065941328966908,-0.16013876622170498
2022-01-20,-0.023437071591615677,0.3687745696689209,0.47736001511562104
2022-01-21,-0.9953754434827715,-0.928687017150263,-1.3630219136924486
2022-01-25,-0.9972555904241744,-0.9311968660301867,-1.3665820040793824
2022-01-26,-0.5623969586546688,-0.35069465854982773,-0.5431697480763602
2022-01-27,-0.2327280690893531,0.08938748343626224,0.08106393215761085
2022-01-28,-0.47914105022209696,-0.23955454288918765,-0.3855232616559604
2022-02-01,-0.3617514572106302,-0.08284863227845564,-0.1632440597472294
2022-02-02,0.9634231270756572,1.6861556262889636,2.3459966781103208
2022-02-03,-0.18148286724863283,0.1577958134497789,0.17809759821431548
2022-02-04,0.13200108334422112,0.5762723298025046,0.7716848197167284
2022-02-07,-0.2693691933527589,0.04047445293502251,0.011683336745606078
2022-02-08,-0.16183803426489854,0.18402012654720243,0.21529542542569555
2022-02-09,-0.9991725996660534,-0.933755923193529,-1.370211893862669
2022-02-10,-0.8141967463307083,-0.6868276496192182,-1.0199569522022895
2022-02-14,-0.9147012867033482,-0.820993337697455,-1.210264018179186
2022-02-15,-0.30033034831285477,-0.0008562635034259685,-0.04694213965442213
2022-02-16,-0.4743726681917906,-0.23318912642398174,-0.37649424873495213
2022-02-17,-0.904258063994348,-0.8070524534815545,-1.1904895973846192
2022-02-18,-0.5268624268937856,-0.3032588423512722,-0.4758845044923056
2022-02-22,0.05983586621005088,0.4799374182032567,0.63503874693763
2022-02-25,-0.07346443214919418,0.30199196236521403,0.38263235235549325
2022-02-28,-0.9973617000068771,-0.9313385140106879,-1.3667829243888658
2022-03-01,0.021734248846769333,0.42907474382571215,0.5628926828643455
2022-03-02,0.22644225368276238,0.7023438938771729,0.9505107908411612
2022-03-03,-0.3051345686544664,-0.007269521306724739,-0.05603901303077686
2022-03-04,0.551027639536187,1.1356399566391266,1.565118769860981
2022-03-07,-0.4429082862722377,-0.19118664141642444,-0.31691590348124177
2022-03-09,-0.9415905220375862,-0.8568883604212022,-1.261179245131601
2022-03-10,-0.5491222108248621,-0.332973910113512,-0.5180337860421375
2022-03-11,-0.14250099938362837,0.20983355329010742,0.2519104316662417
2022-03-14,-0.9851113494951278,-0.9149852557447972,-1.3435866761951452
2022-03-16,0.4350534453988075,0.9808234926458609,1.3455196499258189
2022-03-17,-0.2297901250422001,0.09330940858670993,0.08662697945423012
2022-03-21,0.3509682191070169,0.8685763026102212,1.186302835956385
2022-03-22,-0.14253886591177434,0.2097830044414186,0.25183873074762175
2022-03-23,-0.31217169971205294,-0.016663539994211288,-0.06936394103401716
2022-03-24,0.21790952840819955,0.6909533740718017,0.9343539296111285
2022-03-29,0.0021033077500760555,0.4028689753092265,0.52572116017865
2022-03-31,-0.20602706260979176,0.1250312353844779,0.1316227445546945
2022-04-01,-0.06584379984997213,0.31216490949999537,0.3970621499385338
2022-04-04,-0.0694042039103806,0.3074120489940904,0.39032046396179737
2022-04-05,0.43793511064723134,0.9846702900087706,1.350976132354591
2022-04-06,0.13746413588523865,0.5835650769804491,0.7820292031296961
2022-04-07,0.4183126569259912,0.9584758514736312,1.313820680659463
2022-04-08,-0.19200860584775606,0.14374477698468938,0.15816693217065267
2022-04-11,-0.7124438832979649,-0.5509955485807763,-0.8272861659202612
2022-04-12,-0.37635795772075653,-0.10234716621622886,-0.1909017182566444
2022-04-14,-0.3927876082598232,-0.1242794626208092,-0.22201154252451077
2022-04-15,-0.3541446370072663,-0.07269412320963373,-0.14884041560390424
2022-04-18,-0.29344059305731207,0.008341020033449668,-0.033896270252703344
2022-04-19,-0.5050742219512662,-0.2741732955962269,-0.4346281658220284
2022-04-20,-0.7651653814828023,-0.6213746185636663,-0.9271152243514762
2022-04-21,-0.15877197035297286,0.1881130816804746,0.22110106987730746
2022-04-22,-0.9986215319222538,-0.9330202909250715,-1.3691684376656836
2022-04-25,-0.20407918126632768,0.12763150438497933,0.13531109119029283
2022-04-26,-0.446812366382801,-0.19639828252641026,-0.3243083459363322
2022-04-27,-0.6856758115209232,-0.5152622697141819,-0.7766003642354792
2022-04-28,-0.15014108383911662,0.19963463905055268,0.2374438010926495
2022-04-29,-0.5712898996304526,-0.36256603809777094,-0.5600086838968941
2022-05-02,-0.9988547867687885,-0.9333316678724898,-1.3696101097066116
2022-05-03,-0.3845909908413887,-0.11333762047337034,-0.20649110726801534
2022-05-04,0.03187626600265503,0.4426135422240292,0.5820967657930146
2022-05-05,-0.4194384014699608,-0.1598561837879486,-0.27247527523721693
2022-05-06,-0.697947931359522,-0.5316445883260524,-0.7998378330218784
2022-05-10,-0.4512692969292402,-0.20234793565912304,-0.33274762014634146
2022-05-11,0.28406354784965515,0.7792638076561548,1.0596176967584008
2022-05-12,-0.3669571711313135,-0.08979785255763283,-0.17310116808171036
2022-05-13,-0.7389294123277068,-0.5863516550135438,-0.8774369680811178
2022-05-16,-0.3286050569076906,-0.038600784494942066,-0.10048078391949024
2022-05-17,-0.8237489133753115,-0.6995790443266192,-1.0380441438579067
2022-05-18,-0.9973926408274565,-0.9313798175823211,-1.3668415113617682
2022-05-19,-0.28885129862464964,0.01446736858515543,-0.02520636276050562
2022-05-20,-0.9937411386199528,-0.9265053481864858,-1.3599273294855896
2022-05-23,-0.42369415424764156,-0.16553728035922194,-0.2805336159016346
2022-05-24,0.6526591584552079,1.2713100727915978,1.757559788988506
2022-05-25,-0.9646784206852317,-0.8877088964572558,-1.304896576059284
2022-05-26,0.8330940227024257,1.5121764816650156,2.0992162901526603
2022-05-27,-0.7195145823061466,-0.560434377852663,-0.8406746554120167
2022-05-31,-0.8847475225338712,-0.7810074090475576,-1.1535460534691175
2022-06-01,0.3775373613461852,0.9040440261274859,1.2366119611592044
2022-06-02,-0.06307286272446315,0.31586389349302746,0.40230896677294636
2022-06-03,-0.8296983577311039,-0.7075210864743525,-1.0493095184901942
2022-06-06,-0.4247626871801913,-0.16696368811750084,-0.28255690128296435
2022-06-07,0.134850786998868,0.5800764609415278,0.7770807823210917
2022-06-08,-0.34889939315617086,-0.06569213357004991,-0.1389084566701657
2022-06-09,-0.7366131022572517,-0.583259562524459,-0.8730509953502675
2022-06-14,-0.3597690403694287,-0.08020226109391473,-0.15949031955605547
2022-06-15,-0.7429819572716951,-0.5917614850457219,-0.8851105312372742
2022-06-16,-0.11571291054133326,0.24559355337071928,0.30263413600640326
2022-06-17,-0.6876500930065959,-0.5178977808363988,-0.7803386999918324
2022-06-21,-0.21001912973588333,0.11970213850148387,0.12406369718098872
2022-06-23,0.06874309480190277,0.4918278705993882,0.6519047366035288
2022-06-24,-0.5275956672461083,-0.30423766078108005,-0.47727290763895974
2022-06-27,-0.29644544670979184,0.004329775801451779,-0.03958601203126539
2022-06-29,-0.46461007732432336,-0.22015683239722733,-0.358008615972173
2022-07-01,-0.9959147304107319,-0.9294069229524599,-1.3640430627131725
2022-07-05,-0.9916188730858266,-0.9236722899523497,-1.3559087834027361
2022-07-08,-0.8684567650780082,-0.7592605240284552,-1.1226992256295811
2022-07-11,-0.6941590178757906,-0.5265866856409701,-0.7926634605442194
2022-07-12,-0.052842721808701754,0.3295203302073442,0.4216799135479912
2022-07-13,-0.976881000213325,-0.9039983842022465,-1.3280023690784954
2022-07-14,0.21993148047477007,0.6936525216851019,0.9381825304276515
2022-07-15,-0.9688922399654984,-0.8933340150944655,-1.3128755149292215
2022-07-19,-0.03791327774524689,0.3494499684900765,0.4499490711984623
2022-07-20,-0.2893626891600434,0.013784702281688852,-0.026174689484833674
2022-07-21,-0.02973196478948618,0.360371380378766,0.46544052719315526
2022-07-22,-0.49157221412860963,-0.2561491728725376,-0.4090618831048511
2022-07-25,0.3935019695200026,0.9253555274049221,1.2668412197555357
2022-07-26,-0.5122327300487086,-0.2837293431234931,-0.4481829233259689
2022-07-27,0.13296837778761983,0.5775635921085822,0.7735164082875178
2022-07-29,0.6580293289152905,1.2784788296676854,1.7677282985927978
2022-08-01,-0.8961765816784464,-0.7962643076765495,-1.175187172413756
2022-08-02,-0.6607248410582542,-0.4819546787542909,-0.7293552749646729
2022-08-03,-0.8318456851411611,-0.7103876003495605,-1.0533755196637193
2022-08-04,-0.46601686576468637,-0.22203478476019536,-0.36067239394223355
2022-08-05,-0.13565449725138023,0.21897309729574566,0.26487440053930766
2022-08-08,-0.7696422189474106,-0.6273508458726677,-0.9355921926514772
2022-08-09,0.9402453019283712,1.6552150454205472,2.302109069817688
2022-08-10,-0.6298541501164436,-0.44074472469348785,-0.6709010937303409
2022-08-11,-0.6948700286448002,-0.5275358293184749,-0.7940097715947103
2022-08-12,-0.015768349170684814,0.37901171334890216,0.4918808721665318
2022-08-16,-0.9901138010900468,-0.9216631367422321,-1.3530589038396947
2022-08-18,-0.19836963340640068,0.13525330350373102,0.1461222177050624
2022-08-19,-0.38318030163645744,-0.1114544608952816,-0.2038199431335358
2022-08-22,0.06049651776750883,0.48081933627837714,0.6362897019598283
2022-08-23,-0.3325319178402424,-0.043842836217679766,-0.10791636225060282
2022-08-25,0.16999612748622894,0.626992737278376,0.8436290855729661
2022-08-29,-0.09314642261597328,0.2757180469387666,0.34536416681451804
2022-08-30,-0.2820844917247693,0.02350052569874346,-0.012393298172838345
2022-08-31,-0.2087693028151989,0.12137055953172399,0.1264302658292559
2022-09-01,-0.15871881879866123,0.18818403484169705,0.22120171325436938
2022-09-05,0.5008101463317871,1.0686035371465141,1.4700310876825378
2022-09-07,-0.9988323340076022,-0.9333016951952093,-1.3695675950193287
2022-09-08,0.4170281942933798,0.9567611944812592,1.3113885286983384
2022-09-09,0.06863114051520824,0.4916784203969199,0.6516927492470832
2022-09-12,-0.9317248985171318,-0.8437185258740764,-1.242498518278375
2022-09-13,-0.3324713036417961,-0.04376192101114578,-0.10780158822924933
2022-09-16,-0.21004960034042597,0.119661462631424,0.12400600057019331
2022-09-20,0.2416169624775648,0.7226009413627189,0.9792443614548407
2022-09-22,0.014006823766976595,0.41875923669479603,0.5482606713249745
2022-09-26,0.5178353637456894,1.0913308686735146,1.5022686280130095
2022-09-27,-0.2720296382904053,0.03692296735705594,0.006645738758496624
2022-09-30,-0.9997634063111036,-0.934544603782092,-1.3713305963487685
2022-10-03,0.3726183051840053,0.8974774714997308,1.2272976441927355
2022-10-04,-0.04634067416191101,0.3382000544587537,0.43399165196214534
2022-10-05,-0.9885254516266286,-0.919542814636603,-1.3500513369675082
2022-10-06,-0.1593625124078244,0.1873247542990993,0.21998286839727405
2022-10-07,-0.36822078318800777,-0.09148467566454688,-0.1754938391207591
2022-10-10,-0.15690537600312382,0.19060483891235605,0.22463549820036385
2022-10-11,-0.23663969337940216,0.0841657714376584,0.07365720466964705
2022-10-12,-0.9824903444387019,-0.9114864193186207,-1.3386237582976088
2022-10-13,-0.5450243055820465,-0.327503527635832,-0.5102743323844211
2022-10-14,-0.7247094160605533,-0.5673690739621908,-0.8505111619655853
2022-10-17,0.8032673336565495,1.472360188350321,2.0427389443623087
2022-10-19,0.3468216136097908,0.863040909107981,1.1784511675340936
2022-10-20,-0.9975677410839126,-0.9316135627076956,-1.36717306669185
2022-10-21,-0.49952887557446957,-0.2667706925942474,-0.4241279576236626
2022-10-24,-0.18538556052590138,0.15258602365359986,0.17070778175178555
2022-10-25,-0.07053262135013938,0.3059057001099167,0.38818378624195066
2022-10-26,-0.0044238623619700474,0.39415571453474346,0.5133618519469023
2022-10-27,-0.45912358533678344,-0.21283279539437355,-0.3476198495663648
2022-10-28,-0.645756499725394,-0.4619731156640346,-0.7010124646693798
2022-10-31,-0.9470759858231759,-0.8642110248549997,-1.2715660646194327
2022-11-01,-0.9922671330277808,-0.9245376661915063,-1.3571362746890625
2022-11-02,-0.3002766966819763,-0.0007846427791617922,-0.046840549373828866
2022-11-03,-0.8908180724829435,-0.7891111176751562,-1.1650407436133714
2022-11-04,-0.9878044910728931,-0.918580388775935,-1.3486861858294823
2022-11-07,-0.7627719887532294,-0.6181796267631564,-0.9225832942873549
2022-11-08,0.18560857170571884,0.6478341272645858,0.8731915156992365
2022-11-09,-0.7415099875919017,-0.5897965208342787,-0.8823233314756533
2022-11-10,-0.9993489690314163,-0.9339913624798747,-1.3705458522721696
2022-11-11,-0.9939444112436225,-0.9267767012151251,-1.3603122296747807
2022-11-14,-0.42785174198797904,-0.17108733429568937,-0.2884060793890706
2022-11-15,0.5923861833289266,1.1908503726590716,1.6434318798268654
2022-11-16,-0.27392657846212387,0.034390700830207996,0.0030538501027702718
2022-11-17,-0.7086702375891036,-0.5459580271790995,-0.8201407032354211
2022-11-21,-0.9625217970460653,-0.8848299728444344,-1.300812972316961
2022-11-22,-0.9171574036590755,-0.824272061426194,-1.214914717638211
2022-11-23,-0.998750957835,-0.9331930643796276,-1.3694135078448495
2022-11-28,-0.6538232587772654,-0.47274160706494955,-0.7162870108880117
2022-12-01,0.01513210660777986,0.42026140113492216,0.5503914136280925
2022-12-02,-0.4952355126151815,-0.2610393893768327,-0.4159984014371799
2022-12-05,0.6994200795888901,1.3337322393505575,1.8461023928383777
2022-12-07,-0.9816997167072259,-0.9104309932332526,-1.3371266911671162
2022-12-09,0.003993844846263528,0.40539269423184415,0.5293009245013558
2022-12-12,-0.20754505321383476,0.12300483684434618,0.12874840338597884
2022-12-13,-0.7026068977041481,-0.5378639434222752,-0.8086596654708754
2022-12-14,-0.9993230908512487,-0.9339568171365944,-1.3704968514954659
2022-12-15,-0.9825078325811774,-0.9115097646188403,-1.3386568723944603
2022-12-16,-0.7912423314955959,-0.6561853040160486,-0.9764923751564153
2022-12-19,-0.3060837077597777,-0.00853654765870753,-0.05783622415841366
2022-12-20,-0.9910015151835978,-0.9228481655154241,-1.3547398056571018
2022-12-21,-0.5768543456633779,-0.3699941376444544,-0.5705450576207728
2022-12-22,-0.8031556122004986,-0.6720886004951555,-0.999050375906463
2022-12-23,-0.9775335803860798,-0.9048695276110841,-1.3292380407957254
2022-12-29,-0.24680298136081547,0.07059857815357479,0.054412845069077724
2022-12-30,-0.99350078221687,-0.9261844912173971,-1.3594722105258903
2023-01-02,-0.9993070603377419,-0.9339354176568603,-1.3704664974439942
2023-01-03,-0.9843538739369251,-0.9139740852136758,-1.3421523832716982
2023-01-04,-0.9861417682441243,-0.9163607840538194,-1.345537791718106
2023-01-05,-0.12292831926515646,0.23596154796471291,0.28897163619332317
2023-01-06,-0.9995334972263663,-0.9342376931645732,-1.3708952595650217
2023-01-09,-0.9990873620845377,-0.9336421376995426,-1.3700504950443761
2023-01-11,-0.42593170143663883,-0.16852423057168286,-0.2847704497694789
2023-01-13,-0.3341915683959087,-0.04605833969587898,-0.11105893896031892
2023-01-17,-0.9682368969079107,-0.8924591834508148,-1.3116346116423108
2023-01-18,0.00497886652010493,0.40670762100184793,0.5311660798861512
2023-01-19,-0.660560667514801,-0.48173551993479896,-0.7290444095525256
2023-01-20,-0.9600744983181357,-0.8815630207590036,-1.2961789703230764
2023-01-23,-0.4911111466062721,-0.25553368384929953,-0.4081888438663454
2023-01-24,-0.3578166749794036,-0.07759600624252538,-0.1557934823016098
2023-01-25,-0.9877079383149976,-0.9184514984078891,-1.3485033615312074
2023-01-26,0.33136987034231424,0.8424140423037266,1.1491930274086926
2023-01-27,0.021688454784452915,0.4290136123399325,0.5628059710242008
2023-01-30,-0.4241397865116596,-0.1661321645217699,-0.28137742821454587
2023-01-31,-0.3452355953195365,-0.060801250472539446,-0.13197099280995395
2023-02-01,-0.021011141128838062,0.3720129967943199,0.4819535559340104
2023-02-03,-0.9644022276625037,-0.887340200408308,-1.3043735998474257
2023-02-06,-0.36117739975452423,-0.08208231054503609,-0.16215707213683261
2023-02-07,0.6277416283264756,1.238047122057865,1.7103780195618894
2023-02-09,0.16699158307164907,0.6229819058547494,0.837939929341656
2023-02-10,0.7026746571063995,1.3380768453795155,1.8522649910260334
2023-02-13,0.29148845048621297,0.789175471024339,1.0736768768779101
2023-02-14,0.004538890866873165,0.4061202879715724,0.5303329784625004
2023-02-15,-0.07213665901993711,0.3037644354777528,0.3851465134826921
2023-02-16,-0.1723174275830388,0.17003095740163104,0.19545251496414917
2023-02-17,-0.9902973144780844,-0.9219081127392005,-1.3534063895783037
2023-02-21,0.6422143536619842,1.257367076617196,1.7377823724904058
2023-02-22,0.3872364931739867,0.9169916073075373,1.2549774331451298
2023-02-27,-0.9923716567573138,-0.9246771971822586,-1.3573341921584487
2023-02-28,-0.5973785156093072,-0.39739229670095694,-0.6094079244080757
2023-03-01,-0.9475681327021448,-0.8648680023846477,-1.2724979531512244
2023-03-02,0.019504060153849423,0.42609761662906503,0.5586697824346653
2023-03-03,0.42883319896645844,0.9725199509400028,1.3337415069304417
2023-03-06,-0.9996232659905218,-0.9343575274324202,-1.3710652382551332
2023-03-08,-0.8445510324090719,-0.7273482436414157,-1.0774333119963722
2023-03-13,0.2453245222568512,0.7275502432254491,0.9862646893018603
2023-03-17,-0.7997615989297628,-0.667557858658751,-0.9926237537355088
2023-03-20,-0.5583991464227438,-0.3453578924006059,-0.5355998222465088
2023-03-24,0.9573324207449332,1.6780250104708696,2.334463821512704
2023-03-27,-0.811906922608614,-0.683770914330309,-1.0156211318250175
2023-03-30,-0.8222004445269704,-0.6975119597179525,-1.035112091612388
2023-03-31,-0.11404900008346885,0.24781474348464097,0.3057847789137823
2023-04-03,0.11550712151802145,0.5542541828676159,0.7404532209268544
2023-04-05,0.014599749139354875,0.4195507456183653,0.5493833856575031
2023-04-07,-0.5723489141091704,-0.36397973946584034,-0.562013945923113
2023-04-10,-0.048454997944645584,0.33537759784058496,0.4299881437213681
2023-04-11,0.15388664603233337,0.6054878415211106,0.813125506943252
2023-04-12,0.44658947573043406,0.9962231894296633,1.36736332064251
2023-04-14,-0.8266283778939396,-0.7034229038876523,-1.0434964591671747
2023-04-17,-0.1785421371459961,0.16172145776604352,0.183665920954639
2023-04-19,-0.43608216335996985,-0.18207430207299366,-0.30399052300972423
2023-04-20,-0.6434050085372292,-0.45883405913882386,-0.6965598758904953
2023-04-25,0.7924544778652489,1.457925872925846,2.0222646170051153
2023-04-27,-0.852766515687108,-0.7383152702335101,-1.0929894700806582
2023-05-01,-0.30732227861881256,-0.0101899427284222,-0.06018147926145148
2023-05-02,0.7691848278045654,1.4268627129914189,1.9782031366686177
2023-05-05,-0.7689312808215618,-0.6264017991680919,-0.9342460191520537
2023-05-08,0.21972262859344482,0.69337372078456,0.9377870658186757
2023-05-11,0.21216972821275704,0.6832911904550426,0.9234855197816991
2023-05-12,-0.4697332698851824,-0.22699589312559293,-0.36770946870058524
2023-05-16,-0.2501645153776432,0.06611119357677937,0.04804772292084318
2023-05-17,0.015367226675152779,0.42057526800604195,0.5508366174965758
2023-05-18,-0.05842147022485733,0.3220731380994677,0.41111645801687335
2023-05-24,0.020445657894015312,0.42735457584935377,0.5604527138584303
2023-05-26,0.8841799576766789,1.580372202888438,2.1959483816740026
2023-05-31,-0.5138694926475486,-0.2859142929723247,-0.4512821612980152
2023-06-02,-0.8735990799032152,-0.7661251114817265,-1.1324362866925564
2023-06-05,-0.09682527370750904,0.2708070689252038,0.3383981993587168
2023-06-07,0.3228192833485082,0.8309996785024161,1.13300234470781
2023-06-08,0.3928358356934041,0.9244662909299687,1.2655798839629646
2023-06-09,0.003131814766675234,0.40424195160525944,0.5276686558036231
2023-06-12,-0.9739845674484968,-0.9001318733617939,-1.3225179241048646
2023-06-16,-0.44848102738615125,-0.19862581424640763,-0.3274679840828303
2023-06-21,0.6791897788643837,1.3067263726835434,1.8077959724474522
2023-06-22,0.48427342530339956,1.0465283100263727,1.4387185236120732
2023-06-27,-0.24526611392502673,0.07265017578531484,0.05732292984152658
2023-06-28,-0.9266849420964718,-0.8369905788723282,-1.2329552746048948
2023-06-29,0.041592128574848175,0.4555834576371914,0.6004939177295671
2023-06-30,0.0018682926893234253,0.40255524861371883,0.5252761551419981
2023-07-03,-0.09397030994296074,0.27461822189887913,0.34380412207113437
2023-07-05,0.8537080008536577,1.539694527640207,2.1382492103125617
2023-07-06,-0.5815921127796173,-0.3763186855976904,-0.5795161006784334
2023-07-07,-0.9749817627016455,-0.9014630509065197,-1.324406130370265
2023-07-12,-0.521746814250946,-0.2964299002196674,-0.46619800446829146
2023-07-13,0.8414917141199112,1.5233867418494635,2.1151174624650317
2023-07-14,-0.3299864325672388,-0.04044481278630737,-0.10309644235448055
2023-07-17,-0.47085092309862375,-0.22848787261088027,-0.36982576417381524
2023-07-18,0.3477060943841934,0.8642216216534016,1.1801259470063985
2023-07-19,-0.6939368918538094,-0.5262901648025214,-0.7922428611229033
2023-07-20,-0.017331980168819427,0.37692438845803283,0.4889201101310832
2023-07-24,-0.4075653674080968,-0.1440066134244591,-0.24999348219404216
2023-07-25,-0.9879411698784679,-0.9187628442742405,-1.3489449894852548
2023-07-26,0.6127112256363034,1.2179827119173567,1.6819176950251822
2023-07-27,-0.993690338335,-0.9264375337856637,-1.3598311382772688
2023-07-28,0.45996798714622855,1.0140824541246467,1.3926957608013166
2023-08-03,-0.9588285591453314,-0.8798997895676252,-1.2938197631919066
2023-08-04,-0.9886774234473705,-0.9197456851121333,-1.3503390982090335
2023-08-07,-0.9865254561882466,-0.9168729774018973,-1.3462643114019521
2023-08-08,0.02068252209573984,0.427670771003201,0.5609012202751357
2023-08-14,-0.38653913140296936,-0.11593823550975077,-0.21017994473755047
2023-08-15,-0.9868581326445565,-0.9173170744098808,-1.346894239961251
2023-08-18,-0.7971249594411347,-0.6640381514903537,-0.987631231773225
2023-08-25,-0.2088877491769381,0.12121244291764684,0.12620598561768887
2023-08-28,-0.08725978364236653,0.2835762488213267,0.35651061838156906
2023-08-29,0.01791079342365265,0.42397073035749516,0.5556529046337406
2023-08-31,0.09542465955018997,0.5274456693593782,0.7024267357499615
2023-09-05,-0.26209021732211113,0.05019131571590742,0.025466202341256627
2023-09-07,-0.9975840738625266,-0.9316353656876689,-1.367203993087471
2023-09-08,-0.21223421060130931,0.11674517907102498,0.11986940368103516
2023-09-11,0.17867402406409383,0.6385770494012337,0.8600608311484524
2023-09-13,-0.3553926341701299,-0.07436010165652253,-0.15120351957444605
2023-09-14,-0.9709333973005414,-0.8960588002366752,-1.3167404812500365
2023-09-15,-0.6121176956997564,-0.41706794748461534,-0.6373168139718556
2023-09-18,-0.7480694353580475,-0.5985528697484197,-0.894743757997436
2023-09-19,-0.2493671253323555,0.06717564682134033,0.04955759460818441
2023-09-20,0.10368797183036804,0.5384765439225063,0.7180734588677525
2023-09-21,-0.8712302446365356,-0.7629629019703981,-1.1279508566043939
2023-09-22,-0.5968099879100919,-0.39663335675979655,-0.6083314074869185
2023-09-25,-0.800134772202,-0.66805601574356,-0.9933303637083234
2023-09-26,0.034087684005498886,0.4455656120198821,0.5862841236000284
2023-09-27,-0.7708917558193207,-0.6290188797105158,-0.9379582120874299
2023-09-28,-0.4371894504777932,-0.18355244363268955,-0.30608719010362534
2023-09-29,-0.6257489060808439,-0.435264545502347,-0.6631277439429832
2023-10-02,-0.9965547936299117,-0.9302613572088272,-1.3652550333647493
2023-10-03,0.01577688753604889,0.4211221331633479,0.5516123173425096
2023-10-05,-0.9119286574423313,-0.8172920948360782,-1.2050139972572511
2023-10-06,0.4446316142566502,0.9936095977370079,1.3636560764594756
2023-10-09,0.08438870310783386,0.5127135320429905,0.681529963494632
2023-10-12,0.03917177836410701,0.45235247971111553,0.5959109432138395
2023-10-16,0.7276482433080673,1.3714146265792995,1.899552903585398
2023-10-17,-0.03605145961046219,0.3519353498490059,0.45347445567661376
2023-10-18,-0.9563426273671212,-0.8765812653865035,-1.2891126088566314
2023-10-19,-0.2242601215839386,0.10069152999437778,0.09709813557396227
2023-10-23,0.024472657591104507,0.4327303049780838,0.5680779066527204
2023-10-24,-0.7497561033815145,-0.60080443942964,-0.8979374927444729
2023-10-25,0.017459708731621504,0.4233685676306817,0.5547987680551417
2023-10-26,-0.07639808766543865,0.2980757620675745,0.3770774254654897
2023-10-27,-0.04616804126029214,0.33843050585870793,0.4343185353136472
2023-10-30,0.34043047153390943,0.8545092351056212,1.166349430715111
2023-10-31,-0.588278904867669,-0.3852450292056831,-0.5921776558515275
2023-11-01,-0.19078168272972107,0.14538262323262935,0.1604901320769131
2023-11-02,-0.45855479390593246,-0.2120735033921398,-0.34654283326484536
2023-11-06,0.6342057287693024,1.2466761897646885,1.7226179042963825
2023-11-07,-0.9316067232430214,-0.8435607711407472,-1.242274751375869
2023-11-08,0.022861003875732422,0.4305788735217035,0.5650262127809208
2023-11-09,-0.9200103525072336,-0.8280805246443328,-1.2203168250719854
2023-11-10,-0.6503386159117023,-0.4680898818191867,-0.7096887800293471
2023-11-13,0.048286434495821595,0.4645198316235164,0.6131697004737965
2023-11-14,-0.19667932391166687,0.13750973426382704,0.14932284764021755
2023-11-15,0.1400397028774023,0.5870032571503602,0.7869060832754914
2023-11-16,-0.4522167509421706,-0.20361271254478397,-0.3345416405227374
2023-11-17,-0.2561142678314354,0.058168740142352106,0.036781764899724054
2023-11-20,-0.0027863988652825356,0.3963416000272946,0.5164624170810095
2023-11-21,-0.38069823384284973,-0.10814109483090763,-0.19912010531918545
2023-11-28,-0.9963645139941946,-0.9300073488012606,-1.3648947356204462
2023-11-29,0.04219905833451776,0.4563936613207196,0.6016431496089282
2023-11-30,-0.5928545165807009,-0.39135311239855824,-0.6008416548801093
2023-12-01,-0.9959971429780126,-0.9295169372737484,-1.3641991123186994
2023-12-04,-0.47776381438598037,-0.2377160409377983,-0.38291544204743516
2023-12-07,-0.02213713526725769,0.3705098828275975,0.4798214667766915
2023-12-08,-0.22117066895589232,0.10481570723144698,0.10294806695953132
2023-12-11,-0.8046485967934132,-0.6740816179693503,-1.001877367765466
2023-12-12,-0.21021508454577997,0.11944055418096912,0.12369265339732258
2023-12-13,-0.6482109215964252,-0.46524957658749383,-0.7056599544565442
2023-12-14,0.9851725115440786,1.7151893507522042,2.3871795095490036
2023-12-15,-0.6360498145222664,-0.44901545131963877,-0.6826326902381002
2023-12-18,-0.9554936527274549,-0.8754479507494783,-1.287505060857659
2023-12-20,-0.05725499428808689,0.32363029209572747,0.4133252001516701
2023-12-22,-0.26084121703752317,0.05185863325171573,0.027831205739938414
2023-12-26,0.12945113144814968,0.5728683437792428,0.7668564421934411
2023-12-27,-0.9631006680428982,-0.8856027202776415,-1.3019090744490431
2024-01-01,0.9872040003538132,1.7179012291705396,2.3910261683518006
2024-01-02,0.8331483080983162,1.512248948415923,2.0993190804781423
2024-01-03,-0.5736778487140933,-0.36575376305740537,-0.5645303063243481
2024-01-05,-0.8699619341641665,-0.7612698068466223,-1.1255492890349146
2024-01-08,-0.9992695953696966,-0.9338854048594485,-1.3703955568862924
2024-01-10,-0.16412385553121567,0.18096873422321155,0.2109671837668856
2024-01-11,-0.9746839679864934,-0.9010655182904178,-1.3238422509843795
2024-01-12,0.6673707882873714,1.2909489461386754,1.7854165116670704
2024-01-15,-0.9961613080231473,-0.9297360847486509,-1.3645099616391352
2024-01-16,0.33388507179915905,0.845771639212899,1.1539556043810186
2024-01-17,0.7949698716402054,1.4612837265646315,2.0270275581350745
2024-01-19,0.9061588570475578,1.6097123117667334,2.237565803505545
2024-01-22,-0.46271504065953195,-0.21762710690301038,-0.35442033163936615
2024-01-23,0.8242527917027473,1.50037413088432,2.0824752680562018
2024-01-24,-0.9838811443187296,-0.9133430282060522,-1.3412572616552458
2024-01-25,-0.9995640691922745,-0.9342785043441155,-1.3709531481052961
2024-01-26,0.17515722662210464,0.6338824003148656,0.8534017150494329
2024-01-30,-0.488155678162002,-0.2515883650015258,-0.40259261382409095
2024-01-31,-0.5635653760982677,-0.35225440430561,-0.5453821664875395
2024-02-01,-0.07272246247157454,0.30298243376045586,0.3840372846288819
2024-02-02,-0.004495859146118164,0.39405960446798594,0.5132255248048628
2024-02-05,-0.6385105699300766,-0.4523003670185416,-0.6872921726854686
2024-02-06,-0.8139168210327625,-0.6864539712752334,-1.0194269088634786
2024-02-07,-0.987818258581683,-0.9185987673216511,-1.3487122548428214
2024-02-09,-0.06512738019227982,0.3131212736201703,0.3984187028122457
2024-02-12,0.21479859901592135,0.6868005270369285,0.9284633316052008
2024-02-15,-0.5551704222646853,-0.3410477985812159,-0.5294861778371054
2024-02-16,-0.4876818889169954,-0.25095589347511815,-0.40169548578615044
2024-02-19,-0.15205429441994056,0.19708065280213952,0.2338211041390333
2024-02-20,-0.20803620852530003,0.12234918297963823,0.1278183924042126
2024-02-21,-0.27071841061115265,0.03867335358997531,0.009128570793159534
2024-02-27,-0.9273119643330574,-0.837827604438536,-1.2341425519329086
2024-02-28,-0.45420709712198004,-0.20626966877519837,-0.33831039505216925
2024-02-29,-0.873209968674928,-0.7656056784741373,-1.1316994979273975
2024-03-05,-0.986863877507858,-0.9173247433523475,-1.3469051179581581
2024-03-06,-0.746786005795002,-0.5968395918229895,-0.8923135621712015
2024-03-08,0.6913074310868979,1.3229024891286167,1.8307409541611626
2024-03-11,-0.3129269890487194,-0.017671792090845892,-0.07079409430959754
2024-03-15,-0.6293310523033142,-0.44004643009136823,-0.669910599075408
2024-03-18,-0.9994697752190405,-0.9341526292766443,-1.3707746008544064
2024-03-19,-0.7651320863515139,-0.6213301721716684,-0.9270521794509838
2024-03-20,-0.09678053855895996,0.2708667868440572,0.3384829061275339
2024-04-01,0.40166658721864223,0.9362546524332271,1.2823010629953555
2024-04-02,-0.9995540178497322,-0.9342650865892231,-1.370934115716299
2024-04-03,-0.9997008918217034,-0.9344611518359994,-1.371212224093996
2024-04-04,-0.4893351374194026,-0.25316285071374023,-0.40482594009853556
2024-04-05,-0.32637207955121994,-0.03561993465091289,-0.09625260310768624
2024-04-09,-0.8483900558203459,-0.7324730391542585,-1.0847025684787892
2024-04-11,-0.9970153147587553,-0.9308761168395542,-1.3661270379978299
2024-04-12,-0.4306251462548971,-0.17478961172923183,-0.2936575677979332
2024-04-15,-0.5540399848287052,-0.3395387531603291,-0.5273456752198686
2024-04-16,0.18210051394999027,0.6431511449747265,0.8665489483456132
2024-04-17,-0.07450357746953766,0.30060478476706526,0.3806647129204491
2024-04-18,-0.6604805067181587,-0.48162851155091363,-0.7288926237132113
2024-04-19,-0.139005474105943,0.2144998057035476,0.25852926855836555
2024-04-22,-0.9819009669590741,-0.9106996465539388,-1.3375077619606779
2024-04-23,-0.6949361451891795,-0.5276240897257869,-0.7941349644021864
2024-04-24,-0.822483666241169,-0.6978900385194003,-1.0356483767717473
2024-04-25,-0.26143161772051826,0.051070494590693995,0.02671327194993285
2024-04-26,-0.20719190855743363,0.12347625729601473,0.12941708883218794
2024-04-29,0.5726657862542197,1.1645251874197353,1.6060909707169675
2024-04-30,-0.6021950016632521,-0.40382192826934993,-0.6185280231204958
2024-05-01,0.01885191135806963,0.42522704907469605,0.5574349275371147
2024-05-02,-0.9644195875152946,-0.8873633744518485,-1.3044064710255652
2024-05-03,-0.44178667035885155,-0.18968937203714056,-0.3147921045678981
2024-05-06,0.07790942149586044,0.5040641986646178,0.6692613329567386
2024-05-07,-0.21490155905485153,0.11318447784014472,0.11481873376851628
2024-05-09,-0.19230011105537415,0.1433556403684384,0.1576149620748431
2024-05-10,-0.5509636944625527,-0.3354321465117835,-0.5215206668022903
2024-05-13,-0.4134346228092909,-0.15184160959964166,-0.2611070176694441
2024-05-14,-0.3684708848595619,-0.09181854180362047,-0.17596741091296786
2024-05-15,-0.48951209522783756,-0.2533990755254897,-0.4051610127350562
2024-05-16,-0.4209000766277313,-0.16180740561894294,-0.2752429821453354
2024-05-17,-0.5117729871999472,-0.2831156224357071,-0.4473123923795336
2024-05-21,-0.15133309422526509,0.1980433985646895,0.23518670904127728
2024-05-22,0.9507207944989204,1.6691990073736611,2.3219445941469616
2024-05-24,-0.5345555557869375,-0.31352856675971563,-0.4904515756157549
2024-05-27,0.5546032264828682,1.1404130851088095,1.5718892048925253
2024-05-30,-0.006616184487938881,0.391229136238587,0.5092106525093202
2024-05-31,-0.2844828807283193,0.020298864263872014,-0.016934688767179143
2024-06-03,-0.6580549981445074,-0.4783906476144483,-0.7242998817490975
2024-06-05,-0.7666502455249429,-0.623356795738725,-0.9299268398087147
2024-06-07,-0.09159442782402039,0.2777898384059398,0.34830289549456467
2024-06-10,-0.009736299514770508,0.38706402710116866,0.5033026613472772
2024-06-11,-0.13644040748476982,0.21792396870076383,0.2633862660721179
2024-06-12,-0.6507085631135852,-0.4685837323527965,-0.7103892813827751
2024-06-13,-0.18074516971994722,0.15878058186086516,0.17949444110063728
2024-06-14,0.008907068831225237,0.41195146335989374,0.5386041981405228
2024-06-18,-0.9997999078223074,-0.9345933304400957,-1.3713997125844646
2024-06-21,0.208685964345932,0.6786406386037362,0.9168889533221775
2024-06-24,-0.9973117551999167,-0.9312718416059693,-1.3666883530427538
2024-06-25,-0.19971889580483548,0.1334521439002652,0.14356736627917618
2024-06-28,-0.4902150630950928,-0.2543374825592167,-0.4064920944135293
